<?xml version="1.0" encoding="utf-8"?>
<MD_Metadata xsi:schemaLocation="http://zgate.gsi.go.jp/ch/jmp/ http://zgate.gsi.go.jp/ch/jmp/JMP20.xsd" xmlns:xsi="http://www.w3.org/2001/XMLSchema-instance" xmlns="http://zgate.gsi.go.jp/ch/jmp/" xmlns:jmp20="http://zgate.gsi.go.jp/ch/jmp/">
  <identificationInfo>
    <MD_DataIdentification>
      <citation>
        <title>国土数値情報（鉄道）　N02-19</title>
        <date>
          <date>2020-03-13</date>
          <dateType>003</dateType>
        </date>
      </citation>
      <abstract>全国の旅客鉄道・軌道の路線・駅のラインデータおよび属性情報</abstract>
      <purpose>国土数値情報は，全国総合開発計画，国土利用計画，国土形成計画などの国土計画の策定や実施の支援のために作られたものであるが，各分野で広く利用されることも想定している。</purpose>
      <status>001</status>
      <pointOfContact>
        <organisationName>国土交通省 国土政策局 国土情報課</organisationName>
        <contactInfo>
          <address>
            <country>jpn</country>
          </address>
        </contactInfo>
        <role>002</role>
      </pointOfContact>
      <resourceConstraints>
        <MD_Constraints>
          <useLimitation>利用に当たっての制限は、国土情報利用約款を参照してください。</useLimitation>
        </MD_Constraints>
      </resourceConstraints>
      <descriptiveKeywords>
        <MD_Keywords>
          <keyword>鉄道</keyword>
        </MD_Keywords>
        <MD_Keywords>
          <keyword>駅</keyword>
        </MD_Keywords>
        <MD_Keywords>
          <keyword>国土数値情報</keyword>
        </MD_Keywords>
      </descriptiveKeywords>
      <spatialRepresentationType>001</spatialRepresentationType>
      <spatialResolution>
        <equivalentScale>
          <denominator>25000</denominator>
        </equivalentScale>
      </spatialResolution>
      <language>
        <isoCode>jpn</isoCode>
      </language>
      <characterSet>004</characterSet>
      <topicCategory>018</topicCategory>
      <extent>
        <geographicElement>
          <EX_GeographicBoundingBox>
            <extentTypeCode>1</extentTypeCode>
            <extentReferenceSystem>
              <authority>
                <title>測量法施行令（昭和24年政令第322号）</title>
                <date>
                  <date>2011-10-21</date>
                  <dateType>003</dateType>
                </date>
              </authority>
              <code>JGD2011 / (B,L)</code>
            </extentReferenceSystem>
            <westBoundLongitude>127.65228000</westBoundLongitude>
            <eastBoundLongitude>145.59801000</eastBoundLongitude>
            <southBoundLatitude>26.19315000</southBoundLatitude>
            <northBoundLatitude>45.41688000</northBoundLatitude>
          </EX_GeographicBoundingBox>
        </geographicElement>
      </extent>
    </MD_DataIdentification>
  </identificationInfo>
  <dataQualityInfo>
    <DQ_DataQuality>
      <scope>
        <level>005</level>
        <extent>
          <geographicElement>
            <EX_GeographicBoundingBox>
              <extentTypeCode>1</extentTypeCode>
              <extentReferenceSystem>
                <authority>
                  <title>測量法施行令（昭和24年政令第322号）</title>
                  <date>
                    <date>2011-10-21</date>
                    <dateType>003</dateType>
                  </date>
                </authority>
                <code>JGD2011 / (B,L)</code>
              </extentReferenceSystem>
              <westBoundLongitude>127.65228000</westBoundLongitude>
              <eastBoundLongitude>145.59801000</eastBoundLongitude>
              <southBoundLatitude>26.19315000</southBoundLatitude>
              <northBoundLatitude>45.41688000</northBoundLatitude>
            </EX_GeographicBoundingBox>
          </geographicElement>
        </extent>
      </scope>
      <lineage>
        <LI_Lineage>
          <statement>（株）電気車研究会・鉄道図書刊行会「鉄道要覧（国土交通省鉄道局監修）」、各鉄道事業者の公式HP等、国土地理院「電子地形図（タイル）」の標準地図「測量法に基づく国土地理院長承認（使用）R 1JHs 1280」</statement>
        </LI_Lineage>
      </lineage>
      <report>
        <DQ_Element>
          <evaluationMethodDescription>データ集合と，参照データに含まれる個々のデータ（地物インスタンス）同士の一対一の比較を行い，対応が成立した個数を数え，データ集合内に存在する過剰なデータ（エラー）の割合（誤率）を計算する。</evaluationMethodDescription>
          <typeOfQualityEvaluation>001</typeOfQualityEvaluation>
          <result>
            <DQ_ConformanceResult>
              <specification>
                <title>国土数値情報（鉄道）製品仕様書　第2.3版</title>
                <date>
                  <date>2017-03-15</date>
                  <dateType>003</dateType>
                </date>
              </specification>
              <explanation>過剰データ数0個を合格とする。</explanation>
              <pass>1</pass>
            </DQ_ConformanceResult>
          </result>
        </DQ_Element>
        <DQ_Element>
          <evaluationMethodDescription>データ集合と，参照データに含まれる個々のデータ（地物インスタンス）同士の一対一の比較を行い，対応が成立した個数を数え，データ集合から漏れているデータ（エラー）の割合（誤率）を計算する。</evaluationMethodDescription>
          <typeOfQualityEvaluation>002</typeOfQualityEvaluation>
          <result>
            <DQ_ConformanceResult>
              <specification>
                <title>国土数値情報（鉄道）製品仕様書　第2.3版</title>
                <date>
                  <date>2017-03-15</date>
                  <dateType>003</dateType>
                </date>
              </specification>
              <explanation>データの漏れの数0個を合格とする。</explanation>
              <pass>1</pass>
            </DQ_ConformanceResult>
          </result>
        </DQ_Element>
        <DQ_Element>
          <evaluationMethodDescription>データ集合の書式が、整形式となっていない箇所（XML文書の構文として正しくない箇所）の割合を計算する。評価はXMLパーサにより全数検査で行う。</evaluationMethodDescription>
          <typeOfQualityEvaluation>005</typeOfQualityEvaluation>
          <result>
            <DQ_ConformanceResult>
              <specification>
                <title>国土数値情報（鉄道）製品仕様書　第2.3版</title>
                <date>
                  <date>2017-03-15</date>
                  <dateType>003</dateType>
                </date>
              </specification>
              <explanation>誤率0％を合格とする。</explanation>
              <pass>1</pass>
            </DQ_ConformanceResult>
          </result>
        </DQ_Element>
        <DQ_Element>
          <evaluationMethodDescription>符号化仕様が規定するXMLスキーマに対する、データ集合に存在する矛盾の割合を計算する。評価はXMLバリデータにより全数検査で行う。</evaluationMethodDescription>
          <typeOfQualityEvaluation>003</typeOfQualityEvaluation>
          <result>
            <DQ_ConformanceResult>
              <specification>
                <title>国土数値情報（鉄道）製品仕様書　第2.3版</title>
                <date>
                  <date>2017-03-15</date>
                  <dateType>003</dateType>
                </date>
              </specification>
              <explanation>誤率0％を合格とする。</explanation>
              <pass>1</pass>
            </DQ_ConformanceResult>
          </result>
        </DQ_Element>
        <DQ_Element>
          <evaluationMethodDescription>地物属性インスタンスの値が，応用スキーマに規定される定義域の範囲に含まれていない場合，その個数をエラーとして数え，その割合（誤率）を計算する。</evaluationMethodDescription>
          <typeOfQualityEvaluation>004</typeOfQualityEvaluation>
          <result>
            <DQ_ConformanceResult>
              <specification>
                <title>国土数値情報（鉄道）製品仕様書　第2.3版</title>
                <date>
                  <date>2017-03-15</date>
                  <dateType>003</dateType>
                </date>
              </specification>
              <explanation>誤率0％を合格とする。</explanation>
              <pass>1</pass>
            </DQ_ConformanceResult>
          </result>
        </DQ_Element>
        <DQ_Element>
          <evaluationMethodDescription>XML 文書として記録されるデータ集合がもつ位相属性及び位相を含む幾何属性の一貫性を検査し，エラーの割合（誤率）を計算する。</evaluationMethodDescription>
          <typeOfQualityEvaluation>006</typeOfQualityEvaluation>
          <result>
            <DQ_ConformanceResult>
              <specification>
                <title>国土数値情報（鉄道）製品仕様書　第2.3版</title>
                <date>
                  <date>2017-03-15</date>
                  <dateType>003</dateType>
                </date>
              </specification>
              <explanation>誤率0％を合格とする。</explanation>
              <pass>1</pass>
            </DQ_ConformanceResult>
          </result>
        </DQ_Element>
        <DQ_Element>
          <evaluationMethodDescription>データ集合内の地物の位置座標の値が，参照データがもつ座標値と一致しない場合，その個数をエラーとして数え，その割合（誤率）を計算する。</evaluationMethodDescription>
          <typeOfQualityEvaluation>007</typeOfQualityEvaluation>
          <result>
            <DQ_ConformanceResult>
              <specification>
                <title>国土数値情報（鉄道）製品仕様書　第2.3版</title>
                <date>
                  <date>2017-03-15</date>
                  <dateType>003</dateType>
                </date>
              </specification>
              <explanation>誤率0％を合格とする。</explanation>
              <pass>1</pass>
            </DQ_ConformanceResult>
          </result>
        </DQ_Element>
        <DQ_Element>
          <evaluationMethodDescription>データ集合と，参照データとの比較を行い，地物型が正しく特定されていないデータ数を数え，その割合（誤率）を計算する。</evaluationMethodDescription>
          <typeOfQualityEvaluation>013</typeOfQualityEvaluation>
          <result>
            <DQ_ConformanceResult>
              <specification>
                <title>国土数値情報（鉄道）製品仕様書　第2.3版</title>
                <date>
                  <date>2017-03-15</date>
                  <dateType>003</dateType>
                </date>
              </specification>
              <explanation>誤率0％を合格とする。</explanation>
              <pass>1</pass>
            </DQ_ConformanceResult>
          </result>
        </DQ_Element>
        <DQ_Element>
          <evaluationMethodDescription>データ集合と，参照データに含まれる個々のデータ（地物インスタンス）同士の一対一の比較を行い，データ集合内に存在する誤った地物属性インスタンス（エラー）
の割合（誤率）を計算する。</evaluationMethodDescription>
          <typeOfQualityEvaluation>014</typeOfQualityEvaluation>
          <result>
            <DQ_ConformanceResult>
              <specification>
                <title>国土数値情報（鉄道）製品仕様書　第2.3版</title>
                <date>
                  <date>2017-03-15</date>
                  <dateType>003</dateType>
                </date>
              </specification>
              <explanation>誤率0％を合格とする。</explanation>
              <pass>1</pass>
            </DQ_ConformanceResult>
          </result>
        </DQ_Element>
      </report>
    </DQ_DataQuality>
  </dataQualityInfo>
  <distributionInfo>
    <MD_Distribution>
      <distributionFormat>
        <MD_Format>
          <name>XML</name>
          <version>JPGIS Ver2.1(GML)</version>
        </MD_Format>
      </distributionFormat>
      <transferOptions>
        <MD_DigitalTransferOptions>
          <onLine>
            <linkage>http://nlftp.mlit.go.jp/ksj/</linkage>
            <description>国土数値情報を無償で一般公開しています。</description>
          </onLine>
        </MD_DigitalTransferOptions>
      </transferOptions>
    </MD_Distribution>
  </distributionInfo>
  <referenceSystemInfo>
    <MD_ReferenceSystem>
      <referenceSystemIdentifier>
        <authority>
          <title>測量法施行令（昭和24年政令第322号）</title>
          <date>
            <date>2011-10-21</date>
            <dateType>003</dateType>
          </date>
        </authority>
        <code>JGD2011 / (B,L)</code>
      </referenceSystemIdentifier>
    </MD_ReferenceSystem>
  </referenceSystemInfo>
  <fileIdentifier>KS-META-N02-19.xml</fileIdentifier>
  <language>
    <isoCode>jpn</isoCode>
  </language>
  <characterSet>004</characterSet>
  <hierarchyLevel>005</hierarchyLevel>
  <contact>
    <organisationName>国土情報提供サイト運営事務局</organisationName>
    <contactInfo>
      <onlineResource>
        <linkage>http://nlftp.mlit.go.jp/inquiry.html</linkage>
        <description>お問合せは国土情報提供サイト運営事務局まで</description>
      </onlineResource>
      <hoursOfService>メールによる問い合わせは24時間受け付けています。</hoursOfService>
      <contactInstructions>国土数値情報に関するお問い合わせは、なるべくメールでお願いします。</contactInstructions>
    </contactInfo>
    <role>007</role>
  </contact>
  <dateStamp>2020-03-13</dateStamp>
  <metadataStandardName>JMP</metadataStandardName>
  <metadataStandardVersion>2.0</metadataStandardVersion>
</MD_Metadata>